{
  "ADMINISTRATOR": "Administrator",
  "VIEW_AUDIT_LOG": "View_Audit_Log",
  "VIEW_SERVER_INSIGHTS": "View_Server_Insights",
  "MANAGE_GUILD": "Manage_Guild",
  "MANAGE_ROLES": "Manage_Roles",
  "MANAGE_CHANNELS": "Manage_Channels",
  "KICK_MEMBERS": "Kick_Members",
  "BAN_MEMBERS": "Ban_Members",
  "CREATE_INSTANT_INVITE": "Create_Instant_Invite",
  "CHANGE_NICKNAME": "Change_Nickname",
  "MANAGE_NICKNAMES": "Manage_Nicknames",
  "MANAGE_EMOJIS": "Manage_Emojis",
  "MANAGE_WEBHOOKS": "Manage_Webhooks",
  "VIEW_CHANNEL": "View_Channel-",
  "SEND_MESSAGES": "Send_Messages",
  "SEND_TTS_MESSAGES": "Send_TTS_Messages",
  "MANAGE_MESSAGES": "Manage_Messages",
  "EMBED_LINKS": "Embed_Links",
  "ATTACH_FILES": "Attach_Files",
  "READ_MESSAGE_HISTORY": "Read_Message_History",
  "MENTION_EVERYONE": "Mention_Everyone",
  "USE_EXTERNAL_EMOJIS": "Use_External_Emojis",
  "ADD_REACTIONS": "Add_Reactions",
  "CONNECT": "Connect",
  "SPEAK": "Speak",
  "STREAM": "Stream",
  "MUTE_MEMBERS": "Mute_Members",
  "DEAFEN_MEMBERS": "Deafen_Members",
  "MOVE_MEMBERS": "Move_Members",
  "USE_VAD": "Use_Vad",
  "PRIORITY_SPEAKER": "Priority_Speaker"
}
